id,title,year,date,authors,kind,publication_status,venue,canonical_url,pdf_url,code_url,data_url,topics,scope,access,review_stage,priority,relevance,added_on,verified_on,license,artifact_status
elhage-2021-transformer-circuits,"A Mathematical Framework for Transformer Circuits",2021,2021-12-22,"Nelson Elhage et al.",article,research-article,"Transformer Circuits Thread",https://transformer-circuits.pub/2021/framework/index.html,,,https://transformer-circuits.pub/2021/exercises/index.html,"foundations|transformer-mechanics|circuit-discovery|induction-heads",foundation,open,screened,essential,"Introduces residual-stream path expansion and QK/OV composition for reverse-engineering transformer circuits.",2026-07-12,2026-07-12
olsson-2022-induction-heads,"In-context Learning and Induction Heads",2022,2022-03-08,"Catherine Olsson et al.",article,research-article,"Transformer Circuits Thread",https://transformer-circuits.pub/2022/in-context-learning-and-induction-heads/index.html,,,,"induction-heads|training-dynamics|activation-patching|transformer-mechanics",foundation,open,screened,essential,"Connects induction-head formation to in-context learning using correlational and causal evidence across training.",2026-07-12,2026-07-12
elhage-2022-solu,"Softmax Linear Units",2022,2022-06-27,"Nelson Elhage et al.",article,research-article,"Transformer Circuits Thread",https://transformer-circuits.pub/2022/solu/index.html,,,,"feature-explanations|transformer-mechanics|interpretability-evaluation",foundation,open,screened,normal,"Tests an architectural intervention intended to make individual language-model neurons easier to interpret.",2026-07-12,2026-07-12
elhage-2022-toy-superposition,"Toy Models of Superposition",2022,2022-09-14,"Nelson Elhage; Tristan Hume; Catherine Olsson; Nicholas Schiefer et al.",article,research-article,"Transformer Circuits Thread",https://transformer-circuits.pub/2022/toy_model/index.html,,https://github.com/anthropics/toy-models-of-superposition,,"superposition|foundations|training-dynamics",foundation,open,screened,essential,"Provides the canonical toy-model account of feature superposition and its geometry and phase changes.",2026-07-12,2026-07-12
henighan-2023-superposition-double-descent,"Superposition, Memorization, and Double Descent",2023,2023-01-05,"Tom Henighan et al.",article,research-article,"Transformer Circuits Thread",https://transformer-circuits.pub/2023/toy-double-descent/index.html,,,,"superposition|memorization-privacy|training-dynamics",foundation,open,screened,high,"Relates feature superposition and memorization to double-descent dynamics in controlled toy models.",2026-07-12,2026-07-12
anthropic-2023-privileged-basis,"Privileged Bases in the Transformer Residual Stream",2023,,"Anthropic Interpretability Team",article,research-note,"Transformer Circuits Thread",https://transformer-circuits.pub/2023/privileged-basis/index.html,,,,"transformer-mechanics|superposition|foundations",foundation,open,screened,normal,"Shows that residual-stream coordinates can become unexpectedly privileged and complicate basis-invariant accounts.",2026-07-12,2026-07-12
bricken-2023-towards-monosemanticity,"Towards Monosemanticity: Decomposing Language Models With Dictionary Learning",2023,2023-10-04,"Trenton Bricken; Adly Templeton et al.",article,research-article,"Transformer Circuits Thread",https://transformer-circuits.pub/2023/monosemantic-features/index.html,,,https://transformer-circuits.pub/2023/monosemantic-features/vis/,"sparse-autoencoders|feature-explanations|feature-steering|superposition",core,open,screened,essential,"Establishes sparse autoencoders as a practical feature-decomposition method on a one-layer transformer.",2026-07-12,2026-07-12
templeton-2024-scaling-monosemanticity,"Scaling Monosemanticity: Extracting Interpretable Features from Claude 3 Sonnet",2024,2024-05-21,"Adly Templeton; Tom Conerly et al.",article,research-article,"Transformer Circuits Thread",https://transformer-circuits.pub/2024/scaling-monosemanticity/index.html,,,https://transformer-circuits.pub/2024/scaling-monosemanticity/features/index.html,"sparse-autoencoders|feature-explanations|feature-steering|scalability|dangerous-capabilities",core,open,screened,essential,"Demonstrates frontier-scale SAE feature extraction while leaving the Claude model and learned dictionaries closed.",2026-07-12,2026-07-12
bricken-2024-features-as-classifiers,"Using Dictionary Learning Features as Classifiers",2024,,"Trenton Bricken et al.",article,research-note,"Transformer Circuits Thread",https://transformer-circuits.pub/2024/features-as-classifiers/index.html,,,,"sparse-autoencoders|probing|monitoring|interpretability-evaluation",core,open,screened,high,"Tests feature-based classifiers against raw-activation baselines and examines spurious and adversarial behavior.",2026-07-12,2026-07-12
lindsey-2024-sparse-crosscoders,"Sparse Crosscoders for Cross-Layer Features and Model Diffing",2024,2024-10-25,"Jack Lindsey et al.",article,research-note,"Transformer Circuits Thread",https://transformer-circuits.pub/2024/crosscoders/index.html,,,,"crosscoders|model-diffing|sparse-autoencoders",core,open,screened,essential,"Introduces joint dictionaries for persistent cross-layer features and shared or model-exclusive representations.",2026-07-12,2026-07-12
durmus-2024-evaluating-feature-steering,"Evaluating Feature Steering: A Case Study in Mitigating Social Biases",2024,2024-10-25,"Esin Durmus et al.",article,research-article,"Anthropic Research",https://www.anthropic.com/research/evaluating-feature-steering,,,,"feature-steering|bias|interpretability-evaluation|robustness",safety-application,open,screened,high,"Measures useful steering ranges and off-target effects and compares feature steering with prompting.",2026-07-12,2026-07-12
bricken-2024-stage-wise-model-diffing,"Stage-Wise Model Diffing",2024,,"Trenton Bricken; Siddharth Mishra-Sharma et al.",article,research-note,"Transformer Circuits Thread",https://transformer-circuits.pub/2024/model-diffing/index.html,,,,"model-diffing|crosscoders|backdoors|training-dynamics",safety-application,open,screened,high,"Tracks representational changes across training stages and illustrates high-sensitivity but low-specificity model diffing.",2026-07-12,2026-07-12
mishra-sharma-2025-crosscoder-diffing-update,"Insights on Crosscoder Model Diffing",2025,,"Siddharth Mishra-Sharma et al.",article,research-note,"Transformer Circuits Thread",https://transformer-circuits.pub/2025/crosscoder-diffing-update/index.html,,,,"crosscoders|model-diffing|robustness",core,open,screened,high,"Diagnoses dense and polysemantic exclusive dictionaries caused by capacity competition and proposes a shared-feature adjustment.",2026-07-12,2026-07-12
ameisen-2025-circuit-tracing,"Circuit Tracing: Revealing Computational Graphs in Language Models",2025,2025-03-27,"Emmanuel Ameisen; Jack Lindsey; Adam Pearce; Wes Gurnee et al.",article,research-article,"Transformer Circuits Thread",https://transformer-circuits.pub/2025/attribution-graphs/methods.html,,https://github.com/decoderesearch/circuit-tracer,,"transcoders|circuit-discovery|attribution|feature-explanations|scalability",core,open,screened,essential,"Introduces cross-layer-transcoder attribution graphs and interventions for tracing prompt-specific computations.",2026-07-12,2026-07-12
lindsey-2025-biology-llm,"On the Biology of a Large Language Model",2025,2025-03-27,"Jack Lindsey et al.",article,research-article,"Transformer Circuits Thread",https://transformer-circuits.pub/2025/attribution-graphs/biology.html,,,,"circuit-discovery|reasoning|multilingual|hallucination|refusal-jailbreaks|deception",safety-application,open,screened,essential,"Applies attribution graphs to ten Claude behaviors and documents both mechanistic case studies and limited coverage.",2026-07-12,2026-07-12
jermyn-2025-progress-on-attention,"Progress on Attention",2025,,"Adam Jermyn; Jack Lindsey et al.",article,research-note,"Transformer Circuits Thread",https://transformer-circuits.pub/2025/attention-update/index.html,,,,"transformer-mechanics|superposition|crosscoders|attribution",core,open,screened,high,"Reports evidence for attention superposition and outlines unresolved QK and cross-layer attention problems.",2026-07-12,2026-07-12
lindsey-2025-molt,"Sparse Mixtures of Linear Transforms",2025,,"Jack Lindsey et al.",article,research-note,"Transformer Circuits Thread",https://transformer-circuits.pub/2025/bulk-update/index.html,,,,"transcoders|circuit-discovery|scalability",core,open,screened,normal,"Proposes sparse conditional low-rank transforms as a potentially more efficient and faithful MLP surrogate.",2026-07-12,2026-07-12
chen-2025-persona-vectors,"Persona Vectors: Monitoring and Controlling Character Traits in Language Models",2025,2025-07-29,"Runjin Chen; Andy Arditi; Henry Sleight; Owain Evans; Jack Lindsey",paper,preprint,arXiv,https://arxiv.org/abs/2507.21509,https://arxiv.org/pdf/2507.21509,https://github.com/safety-research/persona_vectors,,"persona-character|feature-steering|monitoring|hallucination|bias",safety-application,open,screened,high,"Uses mean-difference activation directions for trait monitoring steering and preventative training.",2026-07-12,2026-07-12
kamath-2025-attention-feature-interactions,"Tracing Attention Computation Through Feature Interactions",2025,2025-07-31,"Harish Kamath; Emmanuel Ameisen et al.",article,research-article,"Transformer Circuits Thread",https://transformer-circuits.pub/2025/attention-qk/index.html,,,,"transformer-mechanics|attribution|crosscoders|circuit-discovery",core,open,screened,essential,"Decomposes QK attention scores into bilinear feature-pair contributions and proposes their integration into attribution graphs.",2026-07-12,2026-07-12
olah-2025-mechanistic-unfaithfulness,"A Toy Model of Mechanistic (Un)Faithfulness",2025,2025-08-07,"Chris Olah",article,research-article,"Transformer Circuits Thread",https://transformer-circuits.pub/2025/faithfulness-toy-model/index.html,,,,"transcoders|circuit-evaluation|robustness",core,open,screened,essential,"Shows that a behaviorally faithful transcoder can encode the wrong mechanism and motivates Jacobian-aware evaluation.",2026-07-12,2026-07-12
gurnee-2025-manipulate-manifolds,"When Models Manipulate Manifolds: The Geometry of a Counting Task",2025,2025-10-21,"Wes Gurnee et al.",article,research-article,"Transformer Circuits Thread",https://transformer-circuits.pub/2025/linebreaks/index.html,,,,"reasoning|circuit-discovery|superposition|transformer-mechanics",core,open,screened,high,"Combines curved feature manifolds and QK/OV analysis in a causally tested line-counting circuit.",2026-07-12,2026-07-12
lindsey-2025-introspection,"Emergent Introspective Awareness in Large Language Models",2025,2025-10-29,"Jack Lindsey et al.",article,research-article,"Transformer Circuits Thread",https://transformer-circuits.pub/2025/introspection/index.html,,,,"evaluation-awareness|probing|feature-steering|robustness",safety-application,open,screened,high,"Uses concept-injection interventions to test limited introspective access while documenting confabulation and low success rates.",2026-07-12,2026-07-12
karvonen-2025-activation-oracles,"Activation Oracles",2025,2025-12-19,"Adam Karvonen; James Chua et al.",article,research-article,"Anthropic Alignment Science Blog",https://alignment.anthropic.com/2025/activation-oracles/,,https://github.com/adamkarvonen/activation_oracles,,"automated-interpretability|feature-explanations|monitoring|robustness",core,open,screened,high,"Trains language models to answer natural-language questions about activations and exposes inference-versus-reading ambiguity.",2026-07-12,2026-07-12
lu-2026-assistant-axis,"The Assistant Axis: Situating and Stabilizing the Character of Large Language Models",2026,,"Christina Lu; Jack Gallagher; Jonathan Michala; Kyle Fish; Jack Lindsey",paper,preprint,arXiv,https://arxiv.org/abs/2601.10387,https://arxiv.org/pdf/2601.10387,https://github.com/safety-research/assistant-axis,https://huggingface.co/datasets/lu-christina/assistant-axis-vectors,"persona-character|feature-steering|monitoring|robustness",safety-application,open,screened,high,"Identifies an assistant-persona direction and tests drift monitoring and activation capping across open models.",2026-07-12,2026-07-12
jiralerspong-2026-cross-architecture-diffing,"Cross-Architecture Model Diffing with Crosscoders",2026,,"Tee Jiralerspong; Trenton Bricken",paper,preprint,arXiv,https://arxiv.org/abs/2602.11729,https://arxiv.org/pdf/2602.11729,,,"crosscoders|model-diffing|universality|robustness",core,open,screened,high,"Partitions shared and model-exclusive features across unrelated open-model architectures as a high-recall difference finder.",2026-07-12,2026-07-12
macar-2026-introspection-mechanisms,"Mechanisms of Introspective Awareness",2026,,"Uzay Macar; Li Yang; Atticus Wang; Peter Wallich; Emmanuel Ameisen; Jack Lindsey",paper,preprint,arXiv,https://arxiv.org/abs/2603.21396,https://arxiv.org/pdf/2603.21396,https://github.com/safety-research/introspection-mechanisms,,"evaluation-awareness|transcoders|circuit-discovery|feature-explanations",safety-application,open,screened,high,"Localizes evidence-carrier and gating mechanisms for introspection in open Gemma and OLMo models.",2026-07-12,2026-07-12
sofroniew-2026-emotion-concepts,"Emotion Concepts and their Function in a Large Language Model",2026,2026-04-02,"Nicholas Sofroniew et al.",article,research-article,"Transformer Circuits Thread",https://transformer-circuits.pub/2026/emotions/index.html,,,,"persona-character|feature-steering|deception|agents",safety-application,open,screened,high,"Finds causal emotion-related directions in Claude and links desperation interventions to unethical agent behavior.",2026-07-12,2026-07-12
luger-2026-headvis,"HeadVis",2026,2026-05-04,"Robin Luger; Harish Kamath; Doug Finkbeiner et al.",article,research-article,"Transformer Circuits Thread",https://transformer-circuits.pub/2026/headvis/index.html,,https://github.com/anthropics/headvis,,"transformer-mechanics|feature-explanations|tools",core,open,screened,high,"Provides a head-centric workflow for sequence examples and optional feature-based QK and OV decomposition.",2026-07-12,2026-07-12
fraser-taliente-2026-nla,"Natural Language Autoencoders Produce Unsupervised Explanations of LLM Activations",2026,2026-05-07,"Kit Fraser-Taliente; Subhash Kantamneni; Euan Ong et al.",article,research-article,"Transformer Circuits Thread",https://transformer-circuits.pub/2026/nla/index.html,,https://github.com/kitft/natural_language_autoencoders,https://huggingface.co/collections/kitft/nla-models,"feature-explanations|automated-interpretability|feature-steering|evaluation-awareness|monitoring",core,open,screened,essential,"Trains activation-to-text and text-to-activation modules and releases code plus open-model checkpoints.",2026-07-12,2026-07-12
goel-2026-downstream-steering,"Downstream Connections Predict Which Features Will Steer Model Behavior",2026,,"Purvi Goel; Isaac Kauvar; Nicholas Turner et al.",article,research-note,"Transformer Circuits Thread",https://transformer-circuits.pub/2026/may-update/index.html,,,,"feature-steering|attribution|transcoders|interpretability-evaluation",core,open,screened,high,"Tests whether downstream connection structure selects causally useful steering features better than activation examples.",2026-07-12,2026-07-12
der-2026-turn-averaged-saes,"Turn-Averaged SAEs for Feature Discovery and Long-Context Attribution",2026,2026-06-26,"Kevin Der; Harish Kamath; Ben Thompson",paper,preprint,arXiv,https://arxiv.org/abs/2606.28548,https://arxiv.org/pdf/2606.28548,,,"sparse-autoencoders|agents|scalability|circuit-discovery",core,open,screened,high,"Averages dialogue-turn activations to obtain compact high-level features and long-context attribution graphs.",2026-07-12,2026-07-12
gurnee-2026-global-workspace,"Verbalizable Representations Form a Global Workspace in Language Models",2026,2026-07-06,"Wes Gurnee; Nicholas Sofroniew et al.",article,research-article,"Transformer Circuits Thread",https://transformer-circuits.pub/2026/workspace/index.html,,https://github.com/anthropics/jacobian-lens,,"lenses|reasoning|evaluation-awareness|monitoring|feature-steering",safety-application,open,screened,essential,"Introduces the Jacobian Lens and tests whether verbalizable representations form a causally privileged workspace.",2026-07-12,2026-07-12
olah-2020-zoom-in,"Zoom In: An Introduction to Circuits",2020,2020-03-10,"Chris Olah; Nick Cammarata et al.",article,research-article,Distill,https://distill.pub/2020/circuits/zoom-in/,,,,"foundations|circuit-discovery|feature-explanations",foundation,open,screened,essential,"Introduces the circuits program through features and their connections in vision models.",2026-07-12,2026-07-12
geva-2021-ffn-key-value,"Transformer Feed-Forward Layers Are Key-Value Memories",2021,,"Mor Geva; Roei Schuster; Jonathan Berant; Omer Levy",paper,peer-reviewed,EMNLP,https://aclanthology.org/2021.emnlp-main.446/,https://aclanthology.org/2021.emnlp-main.446.pdf,,,"transformer-mechanics|factual-recall|feature-explanations",foundation,open,screened,high,"Frames feed-forward layers as key-value memories and studies how patterns and concepts vary with depth.",2026-07-12,2026-07-12
geiger-2021-causal-abstractions,"Causal Abstractions of Neural Networks",2021,,"Atticus Geiger; Hanson Lu; Thomas Icard; Christopher Potts",paper,preprint,arXiv,https://arxiv.org/abs/2106.02997,https://arxiv.org/pdf/2106.02997,,,"causal-abstraction|activation-patching|interpretability-evaluation",foundation,open,screened,essential,"Formalizes mapping neural representations to high-level causal variables and tests them with interchange interventions.",2026-07-12,2026-07-12
meng-2022-rome,"Locating and Editing Factual Associations in GPT",2022,,"Kevin Meng; David Bau; Alex Andonian; Yonatan Belinkov",paper,peer-reviewed,NeurIPS,https://arxiv.org/abs/2202.05262,https://arxiv.org/pdf/2202.05262,https://github.com/kmeng01/rome,,"activation-patching|factual-recall|feature-steering",core,open,screened,high,"Uses causal tracing to localize factual recall and connects the localization to targeted model editing.",2026-07-12,2026-07-12
wang-2022-ioi-circuit,"Interpretability in the Wild: A Circuit for Indirect Object Identification in GPT-2 Small",2022,,"Kevin Wang; Alexandre Variengien; Arthur Conmy; Buck Shlegeris; Jacob Steinhardt",paper,peer-reviewed,ICLR,https://arxiv.org/abs/2211.00593,https://arxiv.org/pdf/2211.00593,https://github.com/redwoodresearch/Easy-Transformer,,"circuit-discovery|activation-patching|attribution|linguistic-circuits|circuit-evaluation",core,open,screened,essential,"Provides a canonical hand-built GPT-2 circuit with faithfulness completeness and minimality tests.",2026-07-12,2026-07-12
chan-2022-causal-scrubbing,"Causal Scrubbing: A Method for Rigorously Testing Interpretability Hypotheses",2022,,"Lawrence Chan et al.",article,research-article,"Redwood Research",https://www.lesswrong.com/posts/JvZhhzycHu2Yd57RN/causal-scrubbing-a-method-for-rigorously-testing,,https://github.com/redwoodresearch/rust_circuit_public,,"causal-abstraction|activation-patching|circuit-evaluation|robustness",core,open,screened,essential,"Defines resampling-based tests of whether an interpretability hypothesis captures the invariances of a computation.",2026-07-12,2026-07-12
bills-2023-neuron-explanations,"Language Models Can Explain Neurons in Language Models",2023,,"Steven Bills et al.",article,research-article,"OpenAI Research",https://openaipublic.blob.core.windows.net/neuron-explainer/paper/index.html,,https://github.com/openai/automated-interpretability,,"automated-interpretability|feature-explanations|interpretability-evaluation",core,open,screened,essential,"Introduces language-model-generated neuron explanations and simulation-based explanation scoring.",2026-07-12,2026-07-12
belrose-2023-tuned-lens,"Eliciting Latent Predictions from Transformers with the Tuned Lens",2023,,"Nora Belrose et al.",paper,peer-reviewed,TMLR,https://arxiv.org/abs/2303.08112,https://arxiv.org/pdf/2303.08112,https://github.com/AlignmentResearch/tuned-lens,,"lenses|probing|interpretability-evaluation",core,open,screened,high,"Fits per-layer translators to decode intermediate predictions and compares them with the raw logit lens.",2026-07-12,2026-07-12
gurnee-2023-sparse-probing,"Finding Neurons in a Haystack: Case Studies with Sparse Probing",2023,,"Wes Gurnee; Neel Nanda; Matthew Pauly; Katherine Harvey; Dmitrii Troitskii; Dimitris Bertsimas",paper,peer-reviewed,TMLR,https://arxiv.org/abs/2305.01610,https://arxiv.org/pdf/2305.01610,https://github.com/wesg52/sparse-probing-paper,,"probing|superposition|feature-explanations|interpretability-evaluation",core,open,screened,high,"Uses sparse probes to study neuron-level localization monosemanticity polysemanticity and feature absorption.",2026-07-12,2026-07-12
nanda-2023-grokking,"Progress Measures for Grokking via Mechanistic Interpretability",2023,,"Neel Nanda; Lawrence Chan; Tom Lieberum; Jess Smith; Jacob Steinhardt",paper,peer-reviewed,ICLR,https://arxiv.org/abs/2301.05217,https://arxiv.org/pdf/2301.05217,https://github.com/neelnanda-io/Grokking,,"training-dynamics|circuit-discovery|reasoning|universality",core,open,screened,essential,"Reverse-engineers modular-addition training dynamics into memorization circuit formation and cleanup phases.",2026-07-12,2026-07-12
conmy-2023-acdc,"Towards Automated Circuit Discovery for Mechanistic Interpretability",2023,,"Arthur Conmy; Augustine Mavor-Parker; Aengus Lynch; Stefan Heimersheim; Adrià Garriga-Alonso",paper,peer-reviewed,NeurIPS,https://arxiv.org/abs/2304.14997,https://arxiv.org/pdf/2304.14997,https://github.com/ArthurConmy/Automatic-Circuit-Discovery,,"circuit-discovery|activation-patching|circuit-evaluation|scalability",core,open,screened,essential,"Introduces greedy automated edge pruning with activation patching as a standard circuit-discovery baseline.",2026-07-12,2026-07-12
goldowsky-dill-2023-path-patching,"Localizing Model Behavior with Path Patching",2023,,"Nicholas Goldowsky-Dill; Chris MacLeod; Lucas Sato; Aryaman Arora",paper,preprint,arXiv,https://arxiv.org/abs/2304.05969,https://arxiv.org/pdf/2304.05969,,,"activation-patching|circuit-discovery|circuit-evaluation",core,open,screened,essential,"Generalizes activation patching to isolate causal paths between selected senders and receivers.",2026-07-12,2026-07-12
syed-2023-eap,"Attribution Patching Outperforms Automated Circuit Discovery",2023,,"Aaquib Syed; Can Rager; Arthur Conmy",paper,preprint,arXiv,https://arxiv.org/abs/2310.10348,https://arxiv.org/pdf/2310.10348,https://github.com/Aaquib111/edge-attribution-patching,,"attribution|circuit-discovery|scalability|circuit-evaluation",core,open,screened,essential,"Introduces edge attribution patching as a fast gradient approximation for ranking circuit edges.",2026-07-12,2026-07-12
lindner-2023-tracr,"Tracr: Compiled Transformers as a Laboratory for Interpretability",2023,,"David Lindner; János Kramár; Sebastian Farquhar; Matthew Rahtz; Tom McGrath; Vladimir Mikulik",paper,peer-reviewed,NeurIPS,https://arxiv.org/abs/2301.05062,https://arxiv.org/pdf/2301.05062,https://github.com/google-deepmind/tracr,,"circuit-evaluation|causal-abstraction|datasets|tools",foundation,open,screened,high,"Compiles known RASP programs into transformers to provide ground-truth mechanisms for interpretability tests.",2026-07-12,2026-07-12
cunningham-2023-sae-features,"Sparse Autoencoders Find Highly Interpretable Features in Language Models",2023,,"Hoagy Cunningham; Aidan Ewart; Logan Riggs; Robert Huben; Lee Sharkey",paper,peer-reviewed,ICLR,https://arxiv.org/abs/2309.08600,https://arxiv.org/pdf/2309.08600,https://github.com/HoagyC/sparse_coding,,"sparse-autoencoders|superposition|feature-explanations|feature-steering",core,open,screened,essential,"Provides an early independent demonstration that SAEs extract interpretable language-model features.",2026-07-12,2026-07-12
kramar-2024-atp-star,"AtP*: An Efficient and Scalable Method for Localizing LLM Behaviour to Components",2024,,"János Kramár; Tom Lieberum; Rohin Shah; Neel Nanda",paper,preprint,arXiv,https://arxiv.org/abs/2403.00745,https://arxiv.org/pdf/2403.00745,,,"attribution|activation-patching|scalability|circuit-discovery",core,open,screened,essential,"Adds QK correction and GradDrop to address saturation and gradient-cancellation failures in attribution patching.",2026-07-12,2026-07-12
hanna-2024-eap-ig,"Have Faith in Faithfulness: Going Beyond Circuit Overlap When Finding Model Mechanisms",2024,,"Michael Hanna; Sandro Pezzelle; Yonatan Belinkov",paper,peer-reviewed,"BlackboxNLP 2024",https://arxiv.org/abs/2403.17806,https://arxiv.org/pdf/2403.17806,https://github.com/hannamw/EAP-IG,,"attribution|circuit-discovery|circuit-evaluation|robustness",core,open,screened,essential,"Introduces integrated-gradient edge attribution and argues for behavioral faithfulness rather than overlap with presumed gold circuits.",2026-07-12,2026-07-12
rajamanoharan-2024-gated-sae,"Improving Sparse Decomposition of Language Model Activations with Gated Sparse Autoencoders",2024,,"Senthooran Rajamanoharan et al.",paper,peer-reviewed,NeurIPS,https://arxiv.org/abs/2404.16014,https://arxiv.org/pdf/2404.16014,,,"sparse-autoencoders|superposition|interpretability-evaluation",core,open,screened,high,"Separates feature detection from magnitude estimation to reduce shrinkage in sparse autoencoders.",2026-07-12,2026-07-12
gao-2024-scaling-saes,"Scaling and Evaluating Sparse Autoencoders",2024,,"Leo Gao et al.",paper,peer-reviewed,ICLR,https://arxiv.org/abs/2406.04093,https://arxiv.org/pdf/2406.04093,https://github.com/openai/sparse_autoencoder,,"sparse-autoencoders|scalability|interpretability-evaluation|feature-explanations",core,open,screened,essential,"Develops TopK SAE scaling laws and releases GPT-2 checkpoints and evaluation code.",2026-07-12,2026-07-12
dunefsky-2024-transcoders,"Transcoders Find Interpretable LLM Feature Circuits",2024,,"Jacob Dunefsky; Philippe Chlenski; Neel Nanda",paper,preprint,arXiv,https://arxiv.org/abs/2406.11944,https://arxiv.org/pdf/2406.11944,https://github.com/jacobdunefsky/transcoder_circuits,,"transcoders|circuit-discovery|feature-explanations|circuit-evaluation",core,open,screened,essential,"Uses sparse MLP input-to-output surrogates to factor feature-circuit effects into input-dependent and fixed terms.",2026-07-12,2026-07-12
marks-2024-sparse-feature-circuits,"Sparse Feature Circuits: Discovering and Editing Interpretable Causal Graphs in Language Models",2024,,"Samuel Marks et al.",paper,peer-reviewed,ICLR,https://openreview.net/forum?id=I4e82CIDxv,https://arxiv.org/pdf/2403.19647,https://github.com/saprmarks/feature-circuits,,"sparse-autoencoders|circuit-discovery|attribution|feature-steering|circuit-evaluation",core,open,screened,essential,"Combines SAE features and reconstruction-error terms into causal graphs and validates targeted edits.",2026-07-12,2026-07-12
wu-2024-information-flow-routes,"Information Flow Routes: Automatically Interpreting Language Models at Scale",2024,,"Zhengxuan Wu et al.",paper,preprint,arXiv,https://arxiv.org/abs/2403.00824,https://arxiv.org/pdf/2403.00824,,,"attribution|circuit-discovery|scalability",core,open,screened,normal,"Proposes a one-forward-pass information-flow attribution method later included in circuit benchmarks.",2026-07-12,2026-07-12
miller-2024-autocircuit,"Automatic Circuit Discovery with Language Models",2024,,"Joseph Miller et al.",paper,preprint,arXiv,https://arxiv.org/abs/2407.08734,https://arxiv.org/pdf/2407.08734,https://github.com/UFO-101/auto-circuit,,"circuit-discovery|circuit-evaluation|activation-patching|tools",core,open,screened,high,"Provides a unified edge-patching and mask-optimization library and demonstrates sensitivity to ablation choices.",2026-07-12,2026-07-12
ferrer-2024-interpbench,"InterpBench: Semi-Synthetic Transformers for Evaluating Mechanistic Interpretability Techniques",2024,,"Javier Ferrer et al.",paper,preprint,arXiv,https://arxiv.org/abs/2407.14494,https://arxiv.org/pdf/2407.14494,https://github.com/FlyingPumba/InterpBench,,"circuit-evaluation|datasets|causal-abstraction",core,open,screened,high,"Injects known circuits into transformer scaffolds to create semi-synthetic ground truth for method evaluation.",2026-07-12,2026-07-12
rai-2024-practical-review,"A Practical Review of Mechanistic Interpretability for Transformer-Based Language Models",2024,,"Daking Rai; Yilun Zhou; Shi Feng; Abulhair Saparov; Ziyu Yao",paper,preprint,arXiv,https://arxiv.org/abs/2407.02646,https://arxiv.org/pdf/2407.02646,https://github.com/Dakingrai/awesome-mechanistic-interpretability-lm-papers,,"survey|foundations|circuit-discovery|education",foundation,open,screened,high,"Surveys transformer mechanistic-interpretability techniques findings evaluations applications and tools.",2026-07-12,2026-07-12
sharkey-2024-ai-safety-review,"Mechanistic Interpretability for AI Safety: A Review",2024,,"Lee Sharkey et al.",paper,preprint,arXiv,https://arxiv.org/abs/2404.14082,https://arxiv.org/pdf/2404.14082,,,"survey|foundations|interpretability-evaluation|dangerous-capabilities",foundation,open,screened,high,"Organizes mechanistic interpretability around safety goals assumptions limitations and research agendas.",2026-07-12,2026-07-12
lieberum-2024-gemma-scope,"Gemma Scope: Open Sparse Autoencoders Everywhere All At Once on Gemma 2",2024,,"Tom Lieberum et al.",paper,preprint,arXiv,https://arxiv.org/abs/2408.05147,https://arxiv.org/pdf/2408.05147,,https://huggingface.co/google/gemma-scope,"sparse-autoencoders|transcoders|scalability|datasets",core,open,screened,essential,"Releases hundreds of SAEs and tens of millions of features across Gemma 2 layers and sites.",2026-07-12,2026-07-12
paulo-2024-delphi,"Automatically Interpreting Millions of Features in Large Language Models",2024,,"Gonçalo Paulo; Alex Mallen; Caden Juang; Nora Belrose",paper,peer-reviewed,ICML,https://arxiv.org/abs/2410.13928,https://arxiv.org/pdf/2410.13928,https://github.com/EleutherAI/delphi,,"automated-interpretability|feature-explanations|scalability|interpretability-evaluation",core,open,screened,essential,"Scales feature explanation generation and scoring and releases the Delphi autointerpretability stack.",2026-07-12,2026-07-12
karvonen-2025-saebench,"SAEBench: A Comprehensive Benchmark for Sparse Autoencoders in Language Model Interpretability",2025,,"Adam Karvonen et al.",paper,preprint,arXiv,https://arxiv.org/abs/2503.09532,https://arxiv.org/pdf/2503.09532,https://github.com/adamkarvonen/SAEBench,https://saebench.xyz,"sparse-autoencoders|interpretability-evaluation|datasets|feature-explanations",core,open,screened,essential,"Benchmarks more than 200 SAEs across proxy interpretability disentanglement and practical-application metrics.",2026-07-12,2026-07-12
mueller-2025-mib,"The Mechanistic Interpretability Benchmark",2025,,"Aaron Mueller et al.",paper,preprint,arXiv,https://arxiv.org/abs/2504.13151,https://arxiv.org/pdf/2504.13151,https://github.com/aaronmueller/MIB,https://huggingface.co/mib-bench,"circuit-evaluation|datasets|circuit-discovery|causal-abstraction",core,open,screened,essential,"Standardizes circuit and causal-variable localization across multiple tasks models and methods.",2026-07-12,2026-07-12
farnik-2025-jsae,"Jacobian Sparse Autoencoders: Sparsify Computations Not Just Activations",2025,,"Lucy Farnik; Tim Lawson; Conor Houghton; Laurence Aitchison",paper,peer-reviewed,ICML,https://proceedings.mlr.press/v267/farnik25a.html,https://raw.githubusercontent.com/mlresearch/v267/main/assets/farnik25a/farnik25a.pdf,,,"sparse-autoencoders|circuit-discovery|attribution|circuit-evaluation",core,open,screened,high,"Adds Jacobian sparsity so learned dictionaries target sparse computations as well as sparse activations.",2026-07-12,2026-07-12
chen-2025-circuit-completeness,"Rethinking Circuit Completeness in Language Models: AND OR and ADDER Gates",2025,,"Hang Chen; Jiaying Zhu; Xinyu Yang; Wenya Wang",paper,peer-reviewed,NeurIPS,https://arxiv.org/abs/2505.10039,https://arxiv.org/pdf/2505.10039,,,"circuit-evaluation|circuit-discovery|robustness",core,open,screened,high,"Explains circuit incompleteness through alternative and interacting computational paths and combines noising and denoising interventions.",2026-07-12,2026-07-12
he-2025-modcirc,"Towards Global-level Mechanistic Interpretability: A Perspective of Modular Circuits of Large Language Models",2025,,"Yinhan He; Wendy Zheng; Yushun Dong; Yaochen Zhu; Chen Chen; Jundong Li",paper,peer-reviewed,ICML,https://proceedings.mlr.press/v267/he25x.html,https://raw.githubusercontent.com/mlresearch/v267/main/assets/he25x/he25x.pdf,,,"circuit-discovery|universality|scalability|linguistic-circuits",core,open,screened,high,"Builds reusable task-agnostic modular circuit vocabularies to move beyond isolated task-specific explanations.",2026-07-12,2026-07-12
arad-2025-mib-shared-task,"Findings of the BlackboxNLP 2025 Shared Task: Localizing Circuits and Causal Variables in Language Models",2025,,"Dana Arad et al.",paper,peer-reviewed,BlackboxNLP,https://aclanthology.org/2025.blackboxnlp-1.32/,https://aclanthology.org/2025.blackboxnlp-1.32.pdf,https://github.com/hannamw/MIB-circuit-track,,"circuit-evaluation|circuit-discovery|causal-abstraction|datasets",core,open,screened,high,"Reports a community comparison of circuit and causal-variable localization methods on MIB.",2026-07-12,2026-07-12
chanin-2026-synthsaebench,"SynthSAEBench: Evaluating Sparse Autoencoders on Scalable Realistic Synthetic Data",2026,,"David Chanin; Adrià Garriga-Alonso",paper,preprint,arXiv,https://arxiv.org/abs/2602.14687,https://arxiv.org/pdf/2602.14687,,,"sparse-autoencoders|interpretability-evaluation|datasets|superposition",core,open,screened,high,"Provides controlled ground-truth feature structure and exposes SAE failure modes hidden by reconstruction metrics.",2026-07-12,2026-07-12
chanin-2026-sae-benchmark-reliability,"Are Sparse Autoencoder Benchmarks Reliable?",2026,,"David Chanin",paper,preprint,arXiv,https://arxiv.org/abs/2605.18229,https://arxiv.org/pdf/2605.18229,,,"sparse-autoencoders|interpretability-evaluation|robustness",core,open,screened,essential,"Audits SAEBench metrics for reseed noise ground-truth correlation and discriminability and finds major reliability problems.",2026-07-12,2026-07-12
wang-2026-dlm-scope,"DLM-Scope: Mechanistic Interpretability of Diffusion Language Models via Sparse Autoencoders",2026,,"Xu Wang; Bingqing Jiang; Yu Wan; Baosong Yang; Lingpeng Kong; Difan Zou",paper,peer-reviewed,ICML,https://openreview.net/forum?id=Z9cuAhhIbU,,,,"sparse-autoencoders|training-dynamics|universality",core,open,screened,normal,"Extends SAE-based feature analysis and interventions to diffusion language models.",2026-07-12,2026-07-12
golimblevskaia-2026-circuit-insights,"Circuit Insights: Towards Interpretability Beyond Activations",2026,2026-01-26,"Elena Golimblevskaia et al.",paper,peer-reviewed,ICLR,https://openreview.net/forum?id=2Jyb1yu3nN,,,,"transcoders|feature-explanations|automated-interpretability|circuit-discovery",core,open,screened,high,"Introduces weight- and circuit-based explanations intended to complement activation-only transcoder labeling.",2026-07-12,2026-07-12
yin-2026-circuitlasso,"Scalable Circuit Learning for Interpreting Large Language Models",2026,2026-06-15,"Naiyu Yin; Dennis Wei; Tian Gao; Amit Dhurandhar; Karthikeyan Natesan Ramamurthy; Yue Yu",paper,preprint,arXiv,https://arxiv.org/abs/2606.16939,https://arxiv.org/pdf/2606.16939,,,"circuit-discovery|sparse-autoencoders|scalability|attribution",core,open,screened,normal,"Uses sparse linear regression to scale learned circuit relationships to high-dimensional SAE features.",2026-07-12,2026-07-12
wu-2026-query-circuits,"Query Circuits: Explaining How Language Models Answer User Prompts",2026,,"Tung-Yu Wu; Fazl Barez",paper,preprint,OpenReview,https://openreview.net/forum?id=DBoGyuahIX,,,,"circuit-discovery|circuit-evaluation|scalability|reasoning",core,open,screened,high,"Targets sparse prompt-local circuits and proposes normalized deviation faithfulness for single-query explanations.",2026-07-12,2026-07-12
wu-2026-circuit-variance,"Demystifying Variance in Circuit Discovery of LLMs",2026,2026-06-15,"Frank Zhengqing Wu; Francesco Tonin; Volkan Cevher",paper,preprint,arXiv,https://arxiv.org/abs/2606.16920,https://arxiv.org/pdf/2606.16920,https://github.com/LIONS-EPFL/Circuit-Variance,,"circuit-discovery|attribution|robustness|circuit-evaluation",core,open,screened,high,"Introduces conductance-based attribution to reduce resampling variance while leaving prompt variance open.",2026-07-12,2026-07-12
khan-2026-agentic-interpbench,"Can Language Model Agents Be Helpful Circuit Explainers in Mechanistic Interpretability?",2026,2026-06-23,"Ayan Antik Khan; Harsh Kohli; Yuekun Yao; Huan Sun; Ziyu Yao",paper,preprint,arXiv,https://arxiv.org/abs/2606.24026,https://arxiv.org/pdf/2606.24026,https://github.com/Ziyu-Yao-NLP-Lab/LLM-Circuit-Explainer,https://huggingface.co/datasets/Antik/AgenticInterpBench,"automated-interpretability|circuit-discovery|causal-abstraction|datasets",core,open,screened,high,"Benchmarks agents that iteratively observe hypothesize and causally validate explanations of localized circuits.",2026-07-12,2026-07-12
burns-2022-latent-knowledge,"Discovering Latent Knowledge in Language Models Without Supervision",2022,,"Collin Burns; Haotian Ye; Dan Klein; Jacob Steinhardt",paper,peer-reviewed,ICLR,https://arxiv.org/abs/2212.03827,https://arxiv.org/pdf/2212.03827,https://github.com/collin-burns/discovering_latent_knowledge,,"probing|truthfulness|monitoring|robustness",safety-application,open,screened,high,"Introduces contrast-consistent probing to recover latent binary knowledge without labeled truth data.",2026-07-12,2026-07-12,MIT,stable
li-2023-iti,"Inference-Time Intervention: Eliciting Truthful Answers from a Language Model",2023,,"Kenneth Li et al.",paper,peer-reviewed,NeurIPS,https://arxiv.org/abs/2306.03341,https://arxiv.org/pdf/2306.03341,https://github.com/likenneth/honest_llama,,"probing|feature-steering|truthfulness|monitoring",safety-application,open,screened,high,"Finds truth-related head directions with probes and shifts activations to improve truthful answering.",2026-07-12,2026-07-12,,stable
zou-2023-representation-engineering,"Representation Engineering: A Top-Down Approach to AI Transparency",2023,,"Andy Zou et al.",paper,preprint,arXiv,https://arxiv.org/abs/2310.01405,https://arxiv.org/pdf/2310.01405,https://github.com/andyzoujm/representation-engineering,,"probing|feature-steering|monitoring|truthfulness",safety-application,open,screened,high,"Systematizes reading and controlling population-level activation directions for safety-relevant concepts.",2026-07-12,2026-07-12,,stable
rimsky-2023-caa,"Steering Llama 2 via Contrastive Activation Addition",2023,,"Nina Rimsky et al.",paper,peer-reviewed,ACL,https://arxiv.org/abs/2312.06681,https://arxiv.org/pdf/2312.06681,https://github.com/nrimsky/CAA,,"feature-steering|persona-character|bias|robustness",safety-application,open,screened,high,"Constructs contrastive residual directions and evaluates inference-time behavioral steering across tasks.",2026-07-12,2026-07-12,MIT,stable
hubinger-2024-sleeper-agents,"Sleeper Agents: Training Deceptive LLMs That Persist Through Safety Training",2024,,"Evan Hubinger et al.",paper,preprint,arXiv,https://arxiv.org/abs/2401.05566,https://arxiv.org/pdf/2401.05566,https://github.com/anthropics/sleeper-agents-paper,,"backdoors|deception|training-dynamics|robustness",safety-application,open,screened,essential,"Creates deceptive-policy model organisms and tests whether standard safety training removes trigger-conditioned behavior.",2026-07-12,2026-07-12,,archived
arditi-2024-refusal-direction,"Refusal in Language Models Is Mediated by a Single Direction",2024,,"Andy Arditi; Oscar Obeso; Aaquib Syed; Daniel Paleka; Nina Panickssery; Wes Gurnee; Neel Nanda",paper,preprint,arXiv,https://arxiv.org/abs/2406.11717,https://arxiv.org/pdf/2406.11717,https://github.com/andyrdt/refusal_direction,,"refusal-jailbreaks|feature-steering|activation-patching|robustness",safety-application,open,screened,essential,"Finds and intervenes on a refusal-associated residual direction across open chat models and analyzes adversarial suffixes.",2026-07-12,2026-07-12,MIT,stable
marks-2025-auditing-hidden-objectives,"Auditing Language Models for Hidden Objectives",2025,2025-03-13,"Samuel Marks; Johannes Treutlein et al.",article,research-article,"Anthropic Research",https://www.anthropic.com/research/auditing-hidden-objectives,https://assets.anthropic.com/m/317564659027fb33/original/Auditing-Language-Models-for-Hidden-Objectives.pdf,,,"deception|evaluation-awareness|sparse-autoencoders|monitoring|agents",safety-application,open,screened,essential,"Uses a deliberately hidden reward-model-sycophancy objective to compare practical behavioral data and interpretability audits.",2026-07-12,2026-07-12,,reference
turner-2025-em-model-organisms,"Model Organisms for Emergent Misalignment",2025,2025-06-13,"Edward Turner; Anna Soligo; Mia Taylor; Senthooran Rajamanoharan; Neel Nanda",paper,preprint,arXiv,https://arxiv.org/abs/2506.11613,https://arxiv.org/pdf/2506.11613,https://github.com/clarifying-EM/model-organisms-for-EM,,"deception|training-dynamics|persona-character|datasets",safety-application,open,screened,high,"Releases small model organisms and rank-one adapters that isolate a behavioral and mechanistic misalignment transition.",2026-07-12,2026-07-12,,stable
sheshadri-2026-auditbench,"AuditBench: Evaluating Alignment Auditing Techniques on Models with Hidden Behaviors",2026,2026-03-10,"Abhay Sheshadri et al.",article,research-article,"Anthropic Alignment Science Blog",https://alignment.anthropic.com/2026/auditbench/,,https://github.com/safety-research/auditing-agents,https://huggingface.co/auditing-agents,"deception|monitoring|agents|datasets|sparse-autoencoders",safety-application,open,screened,essential,"Provides 56 hidden-behavior model organisms and finds a gap between standalone tool evidence and agent audit success.",2026-07-12,2026-07-12,,active
variengien-2026-more-than-one-refusal-direction,"There Is More to Refusal in Large Language Models than a Single Direction",2026,,"Alexandre Variengien et al.",paper,preprint,arXiv,https://arxiv.org/abs/2602.02132,https://arxiv.org/pdf/2602.02132,,,"refusal-jailbreaks|feature-steering|robustness|universality",safety-application,open,screened,high,"Challenges a single universal refusal axis and separates refusal occurrence from the manner of refusal.",2026-07-12,2026-07-12,,unknown
transformer-circuits-index,"Transformer Circuits Thread",2026,2026-07-12,"Anthropic Interpretability Team",article,documentation,"Transformer Circuits Thread",https://transformer-circuits.pub/,,,,"foundations|education|survey",foundation,open,screened,essential,"Maintains the canonical chronological index of Anthropic's circuits and feature research from 2021 through the cutoff date.",2026-07-12,2026-07-12,,active
transformerlens,"TransformerLens",2022,,"TransformerLensOrg",repository,documentation,GitHub,https://github.com/TransformerLensOrg/TransformerLens,,,https://transformerlensorg.github.io/TransformerLens/,"tools|activation-patching|attribution|circuit-discovery|transformer-mechanics",core,open,screened,essential,"Active transformer instrumentation library with activation caches hooks patching and broad Hugging Face model support.",2026-07-12,2026-07-12,MIT,active
nnsight,"NNsight",2023,,"NDIF Team",repository,documentation,GitHub,https://github.com/ndif-team/nnsight,,,https://nnsight.net/,"tools|activation-patching|feature-steering|scalability",core,open,screened,essential,"Traces and modifies arbitrary PyTorch models locally or large open models through remote execution.",2026-07-12,2026-07-12,MIT,active
nnterp,"nnterp",2025,,"NDIF Team",repository,documentation,GitHub,https://github.com/ndif-team/nnterp,https://arxiv.org/pdf/2511.14465,,https://arxiv.org/abs/2511.14465,"tools|lenses|feature-steering|universality",core,open,screened,high,"Provides architecture-normalized module access over NNsight while retaining native Hugging Face computation.",2026-07-12,2026-07-12,MIT,active
pyvene,"pyvene",2024,,"Stanford NLP",repository,documentation,GitHub,https://github.com/stanfordnlp/pyvene,,,,"tools|activation-patching|causal-abstraction|feature-steering",core,open,screened,high,"Supports static and trainable causal interventions across PyTorch model representations.",2026-07-12,2026-07-12,Apache-2.0,active
circuitsvis,"CircuitsVis",2022,,"TransformerLensOrg",repository,documentation,GitHub,https://github.com/TransformerLensOrg/CircuitsVis,,,,"tools|transformer-mechanics|education",core,open,screened,normal,"Supplies Jupyter and React visualizations for attention patterns tokens and circuit analysis.",2026-07-12,2026-07-12,MIT,maintained
transformer-debugger,"Transformer Debugger",2024,,"OpenAI",repository,documentation,GitHub,https://github.com/openai/transformer-debugger,,,,"tools|sparse-autoencoders|feature-explanations|feature-steering",core,open,screened,high,"Combines activations SAE features automated explanations and interventions in a GPT-2-oriented investigation interface.",2026-07-12,2026-07-12,MIT,maintained
saelens,"SAELens",2023,,"Decode Research",repository,documentation,GitHub,https://github.com/decoderesearch/SAELens,,,https://decoderesearch.github.io/SAELens/latest/pretrained_saes/,"tools|sparse-autoencoders|feature-explanations|feature-steering|scalability",core,open,screened,essential,"Provides the most complete actively maintained training inference analysis and pretrained-checkpoint ecosystem for SAEs.",2026-07-12,2026-07-12,MIT,active
sparsify,"Sparsify",2024,,"EleutherAI",repository,documentation,GitHub,https://github.com/EleutherAI/sparsify,,,https://huggingface.co/collections/EleutherAI/sparse-autoencoders,"tools|sparse-autoencoders|transcoders|scalability",core,open,screened,essential,"Trains TopK SAEs and transcoders on Hugging Face models with distributed on-the-fly activation generation.",2026-07-12,2026-07-12,MIT,active
dictionary-learning,"dictionary_learning",2023,,"Samuel Marks; Adam Karvonen; Aaron Mueller",repository,documentation,GitHub,https://github.com/saprmarks/dictionary_learning,,,,"tools|sparse-autoencoders|crosscoders|transcoders",core,open,screened,high,"Offers a hackable research implementation of many SAE architectures and cross-layer or cross-model dictionaries.",2026-07-12,2026-07-12,MIT,stable
neuronpedia,"Neuronpedia",2023,,"Johnny Lin and contributors",repository,documentation,GitHub,https://github.com/hijohnnylin/neuronpedia,,,https://www.neuronpedia.org/,"tools|feature-explanations|feature-steering|sparse-autoencoders|circuit-discovery",core,open,screened,essential,"Hosts shared feature dashboards explanations steering tools and interactive Circuit Tracer graphs.",2026-07-12,2026-07-12,MIT,active
sae-vis,"SAE-Vis",2024,,"Callum McDougall",repository,documentation,GitHub,https://github.com/callummcdougall/sae_vis,,,,"tools|sparse-autoencoders|feature-explanations",core,open,screened,reference,"Reproduces Anthropic-style prompt- and feature-centric SAE dashboards but has been superseded by maintained integrations.",2026-07-12,2026-07-12,MIT,reference
circuit-tracer,"circuit-tracer",2025,,"Michael Hanna; Mateusz Piotrowski; Jack Lindsey; Emmanuel Ameisen",repository,documentation,GitHub,https://github.com/decoderesearch/circuit-tracer,,,,"tools|transcoders|circuit-discovery|attribution|feature-steering",core,open,screened,essential,"Implements prompt-local feature attribution graphs and interventions with a growing set of pretrained open-model transcoders.",2026-07-12,2026-07-12,MIT,active
eap-ig,"EAP-IG",2024,,"Michael Hanna; Sandro Pezzelle; Yonatan Belinkov",repository,documentation,GitHub,https://github.com/hannamw/EAP-IG,,,,"tools|attribution|circuit-discovery|activation-patching",core,open,screened,high,"Maintained integrated-gradient node edge and neuron circuit localization across several pre-LN model families.",2026-07-12,2026-07-12,MIT,active
auto-circuit,"AutoCircuit",2024,,"UFO-101 contributors",repository,documentation,GitHub,https://github.com/UFO-101/auto-circuit,,,,"tools|circuit-discovery|activation-patching|circuit-evaluation",core,open,screened,high,"Unifies efficient edge patching mask optimization ablations evaluation and visualization for TransformerLens models.",2026-07-12,2026-07-12,NOASSERTION,stable
mib-circuit-track,"MIB Circuit Track",2025,,"MIB contributors",repository,documentation,GitHub,https://github.com/hannamw/MIB-circuit-track,,,,"tools|circuit-evaluation|circuit-discovery|datasets",core,open,screened,high,"Collects comparable EAP EAP-IG exact patching information-flow and mask-optimization implementations for MIB.",2026-07-12,2026-07-12,Apache-2.0,stable
gemma-scope-2,"Gemma Scope 2",2025,,"Google DeepMind",model,documentation,"Google DeepMind and Hugging Face",https://deepmind.google/models/gemma/gemma-scope/,,,https://huggingface.co/collections/google/gemma-scope-2,"sparse-autoencoders|transcoders|crosscoders|datasets|scalability",core,open,screened,essential,"Releases layerwise SAEs skip transcoders partial-residual crosscoders and CLTs for Gemma 3 PT and IT models.",2026-07-12,2026-07-12,"varies; many CC-BY-4.0",active
qwen-scope,"Qwen-Scope",2026,,"Qwen Team",model,documentation,"Hugging Face",https://huggingface.co/collections/Qwen/qwen-scope,https://arxiv.org/pdf/2605.11887,,https://arxiv.org/abs/2605.11887,"sparse-autoencoders|datasets|scalability|feature-steering",core,open,screened,high,"Provides SAE groups for Qwen3 and Qwen3.5 dense and mixture-of-experts models with evaluation and steering examples.",2026-07-12,2026-07-12,"Qwen model license",active
llama-scope,"Llama Scope",2024,,"Fudan NLP and OpenMOSS",model,documentation,"Hugging Face",https://huggingface.co/fnlp/Llama-Scope,https://arxiv.org/pdf/2410.20526,https://github.com/OpenMOSS/Llamascopium,https://arxiv.org/abs/2410.20526,"sparse-autoencoders|datasets|scalability",core,open,screened,normal,"Releases 256 layer- and sublayer-level SAEs for Llama 3.1 8B with supporting analysis tooling.",2026-07-12,2026-07-12,NOASSERTION,active
pythia,"Pythia: A Suite for Analyzing Large Language Models Across Training and Scaling",2023,,"EleutherAI",model,documentation,"GitHub and Hugging Face",https://github.com/EleutherAI/pythia,https://arxiv.org/pdf/2304.01373,,https://arxiv.org/abs/2304.01373,"datasets|training-dynamics|universality|tools",foundation,open,screened,essential,"Provides densely checkpointed multi-scale language models suitable for studying when circuits and features form.",2026-07-12,2026-07-12,Apache-2.0,stable
arena-curriculum,"ARENA",2022,,"Callum McDougall et al.",course,tutorial,GitHub,https://github.com/callummcdougall/ARENA_2.0,,,,"education|tools|transformer-mechanics|circuit-discovery|sparse-autoencoders",foundation,open,screened,essential,"Offers hands-on alignment research-engineering chapters covering transformers mechanistic interpretability and SAEs.",2026-07-12,2026-07-12,NOASSERTION,active
neel-nanda-mech-interp-glossary,"A Comprehensive Mechanistic Interpretability Explainer and Glossary",2023,,"Neel Nanda",article,tutorial,"Alignment Forum",https://www.neelnanda.io/mechanistic-interpretability/glossary,,,,"education|foundations|transformer-mechanics|circuit-discovery",foundation,open,screened,essential,"Builds practical vocabulary and intuition for transformer circuits activation patching attribution and common research conventions.",2026-07-12,2026-07-12,,maintained
